"Variant","OR","LCI","UCI","P.value","numTested","SE","Q","significant","adjustedP","adjLCL_OR","adjUCL_OR"
"A*68:01",1.5950235,1.086979,2.29974,0.0149183264612605,5,0.190702494479587,0.005,"-",0.132947521044913,0.933868286065385,2.72425994491275
"C*06:02",0.7437896,0.5628778,0.9714544,0.0335110767765867,5,0.139035271435591,0.02,"-",0.0837776919414668,0.538244969955917,1.02782747623906
"DQA1*04:01",1.50926638,1.0046316,2.2203288,0.0416894788073758,5,0.201704959988171,0.0285714285714286,"-",0.0729565879129077,0.970465900376993,2.34720767098919
"DQB1*02:01",0.81249416,0.6625414,0.9940494,0.045636808931238,5,0.103446654193979,0.02,"-",0.114092022328095,0.63871338847865,1.03355710392498
"A*01:01~C*06:02",0.51151044,0.280988,0.8644822,0.0242882416687195,5,0.286925907864563,0.01,"-",0.121441208343597,0.244275291783059,1.07109862941586
"A*01:01~B*57:01",0.4137878,0.176907,0.8308812,0.026445378639673,5,0.391442299779682,0.005,"-",0.206745046638183,0.137904515388216,1.24158620148758
"A*29:02~B*44:03",0.51647126,0.2601794,0.929812,0.0413490093276367,5,0.322032185419194,0.01,"-",0.206745046638183,0.225319569490569,1.18384107962337
"A*29:02~C*16:01~B*44:03",0.49822756,0.2461906,0.9088426,0.0364967258378332,5,0.330238651683715,0.01,"-",0.135338186296871,0.21281399563698,1.16642094332455
"A*01:01~C*06:02~B*57:01",0.4412055,0.1883156,0.8884428,0.0406014558890614,5,0.392635105790603,0.015,"-",0.135338186296871,0.169774883417832,1.1465906458682
"DRBX*NNNN~DQA1*04:01",1.542196,1.0256222,2.2713816,0.032221184038953,5,0.202229153906538,0.02,"-",0.0805529600973825,0.963437185301053,2.46862850915684
"DRB4*01:01~DPA1*01:03",0.79946546,0.6554478,0.9738908,0.0289930709884181,5,0.100974942511951,0.015,"-",0.0966435699613937,0.625364070994043,1.02203668451413
"DRB4*01:01~DPB1*04:01",0.77234354,0.6146946,0.965035,0.0322696220161305,5,0.115024352799197,0.01,"-",0.161348110080652,0.574296809548081,1.03868684948665
"DQA1*05:01~DQB1*03:01",1.25805832,1.0111622,1.559741,0.0380424472841132,5,0.110503049054509,0.025,"-",0.0760848945682264,0.982050723154049,1.61163848180676
"DQA1*04:01~DPA1*01:03",1.582747,1.0454832,2.3462008,0.025641030849948,5,0.205571403242196,0.02,"-",0.06410257712487,0.98111200473638,2.55331506893762
"DQA1*01:01~DPB1*04:01",0.65024312,0.4420854,0.9303026,0.0360118650647026,5,0.190042551501137,0.015,"-",0.103625871105897,0.409563026048886,1.03235909546402
"DQA1*01:02~DPB1*02:01",1.55272158,1.0413008,2.2703848,0.0414503484423589,5,0.198505983129312,0.02,"-",0.103625871105897,0.978450850775997,2.46404232065985
"DQB1*02:01~DPA1*01:03",0.78443154,0.6251066,0.9790676,0.0408386637217194,5,0.114401547173805,0.02,"-",0.102096659304298,0.601136185199809,1.02361637195778
"DQB1*05:01~DPB1*04:01",0.55694428,0.3532082,0.8423648,0.0105955729872772,5,0.221365444395484,0.01,"-",0.052977864936386,0.314903297789482,0.985022809231053
"DRBX*NNNN~DQA1*01:01~DPB1*04:02",0.50885136,0.278182,0.8637168,0.0369170744682078,5,0.292843572368361,0.02,"-",0.0922926861705195,0.257469155463696,1.00567272265108
"DRB4*01:01~DQB1*02:01~DPA1*01:03",0.69461966,0.5055328,0.9382884,0.0244221128838351,5,0.157531165436065,0.015,"-",0.081407042946117,0.473517530933826,1.01896221478217
"DRBX*NNNN~DQB1*05:01~DPB1*04:01",0.56259772,0.3567066,0.8511696,0.0118858565892142,5,0.221488334745552,0.01,"-",0.059429282946071,0.317999147005149,0.995336614988068
"DRB4*01:01~DPA1*01:03~DPB1*04:01",0.77234354,0.6146946,0.965035,0.0322696220161305,5,0.115024352799197,0.01,"-",0.161348110080652,0.574296809548081,1.03868684948665
"DRB1*01:01~DQB1*05:01~DPB1*04:01",0.45429568,0.247563,0.7714242,0.0119866970005063,5,0.292635708087456,0.01,"-",0.0599334850025315,0.213784528460548,0.965385878729522
"DRB1*07:01~DQB1*03:03~DPB1*04:01",0.49929906,0.264873,0.865921,0.0354136293683705,5,0.303596945381309,0.015,"-",0.118045431227902,0.238588994353917,1.04489124484543
"DQA1*01:01~DQB1*05:01~DPB1*04:01",0.56259772,0.3567066,0.8511696,0.0118858565892142,5,0.221488334745552,0.01,"-",0.059429282946071,0.317999147005149,0.995336614988068
"DQA1*01:01~DPA1*01:03~DPB1*04:01",0.65024312,0.4420854,0.9303026,0.0360118650647026,5,0.190042551501137,0.015,"-",0.0934297923435307,0.409563026048886,1.03235909546402
"DQA1*01:02~DPA1*01:03~DPB1*02:01",1.56609198,1.0498622,2.2910392,0.0373719169374123,5,0.198714040765218,0.02,"-",0.0934297923435307,0.986398690388856,2.48646324626956
"DQB1*05:01~DPA1*01:03~DPB1*04:01",0.55990096,0.3550536,0.84694,0.0114866410286695,5,0.221427892230132,0.01,"-",0.0574332051433475,0.316524123261627,0.990411352469977
"A*01:01+A*02:01",0.6017818,0.3969118,0.8821768,0.0124242335222837,5,0.203046604542758,0.005,"-",0.124242335222837,0.340336980411664,1.064066956148
"DRB4*01:01+DRBX*NNNN",0.52997354,0.2870766,0.9053538,0.0395598939805709,5,0.292201214136953,0.005,"-",0.266357226552917,0.233366086103178,1.20356799820497
"DQA1*05:01+DQA1*01:02",1.72910392,1.161046,2.5300964,0.023566977321388,5,0.19903777407498,0.01,"-",0.105230827935056,1.03553269764276,2.88721000598552
"DQA1*05:01+DQA1*01:01",0.4590635,0.2251266,0.8428518,0.0315692483805168,5,0.341335145115231,0.015,"-",0.105230827935056,0.200122981642365,1.05304895671032
"DQB1*02:01+DQB1*05:01",0.3038432,0.111725,0.6727354,0.0156348298781688,5,0.476362584540694,0.01,"-",0.078174149390844,0.0890753886351868,1.03643320114319
"DRB5*01:01~DRB1*15:01~DQB1*06:02+DRB3*02:02~DRB1*11:01~DQB1*03:01",4.89699622,2.1953588,11.1906656,0.00754008158961847,5,0.412380209987002,0.005,"-",0.0754008158961847,1.53888299601966,15.5831028354465
"DRB3*02:02~DQB1*03:01~DPB1*04:02+DRB5*01:01~DQB1*06:02~DPB1*04:01",7.6422893,1.1980282,107.1667016,0.0428019792090882,5,0.959544798014213,0.005,"-",0.428019792090882,0.516966374947895,112.975598752977
"DRB1*15:01~DQB1*06:02~DPA1*01:03+DRB1*11:01~DQB1*03:01~DPA1*01:03",4.55812892,2.00411,10.547358,0.0126286605504167,5,0.422078828792886,0.005,"-",0.126286605504167,1.39392385775107,14.9050747182567
"DRB5*01:01~DRB1*15:01~DQA1*01:02~DQB1*06:02+DRB3*02:02~DRB1*11:01~DQA1*05:01~DQB1*03:01",4.89699622,2.1953588,11.1906656,0.00754008158961847,5,0.412380209987002,0.005,"-",0.0754008158961847,1.53888299601966,15.5831028354465
"DRB5*01:01~DRB1*15:01~DQB1*06:02~DPA1*01:03+DRB3*02:02~DRB1*11:01~DQB1*03:01~DPA1*01:03",4.55812892,2.00411,10.547358,0.0126286605504167,5,0.422078828792886,0.005,"-",0.126286605504167,1.39392385775107,14.9050747182567
"DRB3*02:02~DQA1*05:01~DQB1*03:01~DPB1*04:02+DRB5*01:01~DQA1*01:02~DQB1*06:02~DPB1*04:01",7.6422893,1.1980282,107.1667016,0.0428019792090882,5,0.959544798014213,0.005,"-",0.428019792090882,0.516966374947895,112.975598752977
"DRB3*02:02~DQB1*03:01~DPA1*01:03~DPB1*04:02+DRB5*01:01~DQB1*06:02~DPA1*01:03~DPB1*04:01",7.6422893,1.1980282,107.1667016,0.0428019792090882,5,0.959544798014213,0.005,"-",0.428019792090882,0.516966374947895,112.975598752977
"DRB1*15:01~DQA1*01:02~DQB1*06:02~DPA1*01:03+DRB1*11:01~DQA1*05:01~DQB1*03:01~DPA1*01:03",4.55812892,2.00411,10.547358,0.0126286605504167,5,0.422078828792886,0.005,"-",0.126286605504167,1.39392385775107,14.9050747182567
"DRB5*01:01~DRB1*15:01~DQA1*01:02~DQB1*06:02~DPA1*01:03+DRB3*02:02~DRB1*11:01~DQA1*05:01~DQB1*03:01~DPA1*01:03",4.55812892,2.00411,10.547358,0.0126286605504167,5,0.422078828792886,0.005,"-",0.126286605504167,1.39392385775107,14.9050747182567
"DRB3*02:02~DQA1*05:01~DQB1*03:01~DPA1*01:03~DPB1*04:02+DRB5*01:01~DQA1*01:02~DQB1*06:02~DPA1*01:03~DPB1*04:01",7.6422893,1.1980282,107.1667016,0.0428019792090882,5,0.959544798014213,0.005,"-",0.428019792090882,0.516966374947895,112.975598752977
