"","X","OR","LCI","UCI","P.value","numTested","SE","Q","significant","adjustedP","adjLCL_OR","adjUCL_OR"
"1","A*01:01",0.2687572,0.125215,0.507726,0.00019731551189331,5,0.352981039134468,0.005,"***",0.0019731551189331,0.0997810886967638,0.723889000363079
"4","A*02:06",2.16127638,1.3820586,3.3254872,0.000720628293891752,5,0.223275466571386,0.01,"***",0.00360314146945876,1.21601543203549,3.84132920330371
"9","A*33:03",0.6164781,0.4102294,0.9023898,0.0158660195657914,5,0.20053220264214,0.015,"***",0.0498734068533335,0.378513776024288,1.00404601325587
"5","A*02:07",1.72459012,1.1040796,2.639848,0.0199493627413334,5,0.221638960952118,0.02,"***",0.0498734068533335,1.02981593772986,2.88809968173342
"3","C*03:03",2.2852417,1.5014292,3.4338858,0.000153976237428574,5,0.210366470132288,0.005,"***",0.00109274894894676,1.26613127384724,4.12463520591385
"41","C*03:04",1.99348446,1.387021,2.8370074,0.000218549789789353,5,0.182194832556512,0.01,"***",0.00109274894894676,1.24680129032491,3.18734053541596
"91","C*12:02",0.3849474,0.1950336,0.6901428,0.00315826300926503,5,0.319657519994087,0.015,"***",0.0105275433642168,0.1768989108051,0.837678989047162
"8","C*08:01",1.58680598,1.1196116,2.225477,0.00893726853712598,5,0.174956531900196,0.02,"***",0.022343171342815,1.05623787697814,2.38388839582949
"11","B*13:01",2.39136194,1.511182,3.7273168,0.000149125018902466,5,0.229564224298451,0.005,"***",0.00149125018902466,1.25541792284931,4.5551459987934
"92","B*52:01",0.3201484,0.1445538,0.6193682,0.00199489529883121,5,0.367115276430437,0.01,"***",0.00997447649415605,0.124357235047115,0.8241981094524
"42","DRB4*01:01",1.72837744,1.3049038,2.2980988,0.000149642732357132,5,0.144244476644958,0.005,"***",0.00149642732357132,1.15290397562118,2.59109920537086
"6","DRB5*01:01",1.71094704,1.263743,2.305593,0.000497482513657294,5,0.153233462734272,0.01,"***",0.00218675537677159,1.15297297041056,2.53894917644285
"7","DRB5*01:02",0.37131466,0.201499,0.6333156,0.000656026613031476,5,0.289924785254946,0.015,"***",0.00218675537677159,0.183431787305971,0.751639499106748
"2","DRB3*02:02",0.60501816,0.4441642,0.8166552,0.00142625656557678,5,0.155190253384375,0.02,"***",0.00356564141394195,0.421673769947399,0.868080966894022
"51","DRB1*09:01",1.9295091,1.362802,2.707972,0.000171360568890487,5,0.17490340225195,0.005,"***",0.00171360568890487,1.18093424929808,3.15259327028212
"21","DRB1*04:05",2.05958598,1.3564762,3.0823064,0.000587526842156975,5,0.208836179216917,0.01,"***",0.00293763421078487,1.20271154912304,3.52694244277071
"93","DRB1*15:01",1.72414342,1.2218248,2.4102858,0.00181321966402542,5,0.173047384930071,0.015,"***",0.0060440655467514,1.13180479665056,2.62648695386922
"10","DRB1*15:02",0.54461448,0.352418,0.814773,0.00447210997454958,5,0.21306999107444,0.02,"***",0.011180274936374,0.33175715733055,0.894042299530993
"81","DRB1*14:04",0.30351166,0.1147782,0.6569954,0.0066040254947329,5,0.438248926025541,0.025,"***",0.0132080509894658,0.113650470483657,0.810549462434492
"52","DQA1*03:01",1.91995198,1.4504482,2.542183,5.22235247969264e-06,5,0.143037387894408,0.00625,"***",4.17788198375411e-05,1.29846553102691,2.83890139354767
"22","DQA1*01:02",1.69668452,1.271468,2.2585552,0.000326435609166952,5,0.146445531542803,0.0125,"***",0.00130574243666781,1.17691694241317,2.44599959153024
"12","DQA1*01:01",0.58193946,0.405768,0.819504,0.00260637090359728,5,0.17895249461964,0.01875,"***",0.00617243686350434,0.382123918381923,0.88624008813449
"31","DQA1*01:03",0.5749246,0.3945188,0.8203114,0.00308621843175217,5,0.186323824058377,0.025,"***",0.00617243686350434,0.378649954085721,0.872938956201037
"43","DQB1*03:03",1.62382934,1.1712614,2.2336698,0.00327011420825905,5,0.164470454681593,0.005,"***",0.0327011420825905,1.0233822057214,2.57657570231652
"101","DQB1*06:02",1.70197978,1.1403684,2.5012234,0.00918526602604371,5,0.199933803239757,0.01,"***",0.0459263301302185,1.01693866019136,2.84848564119273
"44","DPA1*02:02",1.77239944,1.321726,2.3950924,0.000570902142742103,5,0.151375847523456,0.00833333333333333,"***",0.00342541285645262,1.18882546276209,2.64243984782564
"53","DPB1*04:01",0.51159644,0.3741712,0.692479,3.26060509719352e-05,5,0.156869956384516,0.005,"***",0.000326060509719352,0.329374975960078,0.794629029293339
"71","DPB1*05:01",1.67437108,1.2660784,2.2210156,0.000366698986164202,5,0.143243330695716,0.01,"***",0.00183349493082101,1.15773701592881,2.42155038231304
"32","C*03:04~B*13:01",2.49233324,1.4806674,4.1169014,0.000446446133146135,5,0.259677807892556,0.005,"***",0.00446446133146135,1.20237039823947,5.16623245906937
"82","C*12:02~B*52:01",0.34748712,0.15664,0.6739882,0.00426638812524189,5,0.368165601906052,0.01,"***",0.0213319406262094,0.134611904067259,0.8970031246684
"54","C*07:01~B*44:03",0.34144464,0.1309936,0.7343654,0.0129228488341596,5,0.431914440701493,0.015,"***",0.043076162780532,0.119415130837493,0.97629539378376
"61","DRB4*01:01~DRB1*09:01",1.9295091,1.362802,2.707972,0.000171360568890487,5,0.17490340225195,0.005,"***",0.00171360568890487,1.18093424929808,3.15259327028212
"45","DRB4*01:01~DRB1*04:05",2.05958598,1.3564762,3.0823064,0.000587526842156975,5,0.208836179216917,0.01,"***",0.00231213372494818,1.20271154912304,3.52694244277071
"94","DRB5*01:02~DRB1*15:02",0.37260898,0.2021888,0.6355788,0.000693640117484455,5,0.289962505239975,0.015,"***",0.00231213372494818,0.18405430193267,0.754328752540809
"72","DRB5*01:01~DRB1*15:01",1.68609288,1.1928456,2.3602342,0.00289803965014338,5,0.173811261366313,0.02,"***",0.00724509912535845,1.12532118047507,2.5263091544998
"62","DRB4*01:01~DQA1*03:01",1.87847208,1.4179392,2.488121,1.10631888610865e-05,5,0.143336115001422,0.005,"***",0.000110631888610865,1.25622275869179,2.80894238774516
"73","DRB5*01:01~DQA1*01:02",1.7309538,1.2765692,2.3357798,0.000441137040851774,5,0.153979379684371,0.01,"***",0.00220568520425887,1.16421610317956,2.57357809220435
"83","DRB5*01:02~DQA1*01:03",0.28275642,0.1252068,0.5528518,0.000782486991036274,5,0.373901131182653,0.015,"***",0.00260828997012091,0.113876729006734,0.702085437021012
"74","DRB4*01:01~DQB1*03:03",1.61665908,1.1641164,2.2270806,0.00372868350442328,5,0.165273089615082,0.005,"***",0.0372868350442328,1.01657037051472,2.57098441657621
"63","DRB4*01:01~DPA1*02:02",1.76189772,1.2873184,2.3973104,0.000550752934129507,5,0.158454307278846,0.005,"***",0.00550752934129507,1.12930780929158,2.74883742961853
"13","DRB3*02:02~DPA1*01:03",0.59740724,0.415415,0.8433026,0.00799625480196603,5,0.180399168163445,0.01,"***",0.0399812740098301,0.375373511602396,0.950774093997471
"84","DRB5*01:01~DPA1*02:02",1.72585696,1.200989,2.452481,0.0129892304254276,5,0.182234795530928,0.015,"***",0.0432974347514253,1.10789255891576,2.68851182581768
"75","DRB4*01:01~DPB1*05:01",1.70592816,1.2272866,2.3528124,0.00307215577652466,5,0.165883706069799,0.005,"***",0.0307215577652466,1.07086654239706,2.71760370864396
"23","DRB3*02:02~DPB1*04:01",0.5020584,0.3024522,0.7943788,0.00660929345915485,5,0.245860232063855,0.01,"***",0.0330464672957742,0.266512849248389,0.945780429429271
"55","DRB1*09:01~DQA1*03:01",1.945848,1.373976,2.731757,0.000143020510245485,5,0.175050706625721,0.005,"***",0.00143020510245485,1.19044195282104,3.18060400184266
"102","DRB1*15:02~DQA1*01:03",0.28275642,0.1252068,0.5528518,0.000782486991036274,5,0.373901131182653,0.01,"***",0.00391243495518137,0.107929725981311,0.740770833283322
"85","DRB1*15:01~DQA1*01:02",1.75655014,1.2406546,2.4632776,0.00135364548507611,5,0.174696499685126,0.015,"***",0.00451215161692037,1.14846197049844,2.68660911165818
"24","DRB1*04:05~DQA1*03:01",1.90469454,1.2398242,2.8772536,0.00280169020866346,5,0.214151585316331,0.02,"***",0.00700422552165865,1.15734728612625,3.1346349831161
"56","DRB1*09:01~DQB1*03:03",1.9191176,1.352479,2.698633,0.000211610909279883,5,0.175954642988794,0.005,"***",0.00211610909279883,1.17111334409673,3.14488122024639
"103","DRB1*15:02~DQB1*06:01",0.31604074,0.1468354,0.5996058,0.00125021845639961,5,0.354712852999884,0.01,"***",0.00625109228199805,0.126746796529768,0.788041607949353
"57","DRB1*09:01~DPA1*02:02",1.82848318,1.2298758,2.6803656,0.00307575093477575,5,0.1983785325995,0.005,"***",0.0307575093477575,1.04773586806827,3.1910244188806
"58","DRB1*09:01~DPB1*05:01",1.91619646,1.2598032,2.8693104,0.00317576117107438,5,0.209632751893928,0.005,"***",0.0207777451335835,1.06385169553561,3.45142926286161
"104","DRB1*15:02~DPB1*04:01",0.22167696,0.074094,0.5182762,0.0041555490267167,5,0.512789552672701,0.01,"***",0.0207777451335835,0.0591669335340462,0.830542866761293
"86","DQA1*03:01~DQB1*03:03",1.89131666,1.3366556,2.6524328,0.000264107328126934,5,0.174558830506242,0.005,"***",0.00264107328126934,1.15867915889948,3.0872038052286
"46","DQA1*01:03~DPA1*01:03",0.31605994,0.1684046,0.546099,0.000191904709271847,5,0.302491421103346,0.005,"***",0.00191904709271847,0.135209881028976,0.738806105830356
"87","DQA1*03:01~DPA1*02:02",1.75298726,1.2809506,2.384888,0.000610410144997577,5,0.158405311818263,0.01,"***",0.00305205072498788,1.16567030930949,2.6362208157662
"33","DQA1*01:02~DPA1*02:02",1.75998658,1.2353852,2.4820944,0.00919643200311746,5,0.178112300653632,0.015,"***",0.0306547733437249,1.14118769048701,2.71432367138326
"59","DQA1*01:03~DPB1*04:01",0.2511422,0.1060034,0.5075394,0.000901126632173517,5,0.404601508785362,0.005,"***",0.00901126632173517,0.0806637447474295,0.78191763621103
"76","DQA1*03:01~DPB1*05:01",1.71852854,1.2405238,2.3631996,0.00192271802709378,5,0.164253606800672,0.01,"***",0.0096135901354689,1.12567085227493,2.62362691263256
"510","DQB1*03:03~DPA1*02:02",1.84665318,1.2495178,2.6928572,0.00211603278115612,5,0.195528048932573,0.005,"***",0.0211603278115612,1.06664805527238,3.19705075197771
"511","DQB1*03:03~DPB1*05:01",1.89283914,1.2511744,2.8200046,0.00273556342314628,5,0.206906520178723,0.005,"***",0.0183488977123336,1.05895683258414,3.38336738540404
"88","DQB1*06:01~DPB1*04:01",0.28052688,0.115606,0.578823,0.00366977954246673,5,0.424277024555618,0.01,"***",0.0183488977123336,0.0940479121910968,0.836757867018171
"34","DPA1*01:03~DPB1*04:01",0.5234772,0.3823746,0.7093188,9.71850187918584e-05,5,0.157470623102927,0.005,"***",0.000971850187918584,0.336456247984022,0.814454719036317
"105","DPA1*02:02~DPB1*05:01",1.65115412,1.2488154,2.1893914,0.000550393066682367,5,0.143087575114807,0.01,"***",0.00275196533341183,1.1421418793334,2.38701511373015
"64","DRB4*01:01~DRB1*09:01~DQA1*03:01",1.945848,1.373976,2.731757,0.000143020510245485,5,0.175050706625721,0.005,"***",0.00143020510245485,1.19044195282104,3.18060400184266
"95","DRB5*01:02~DRB1*15:02~DQA1*01:03",0.28275642,0.1252068,0.5528518,0.000782486991036274,5,0.373901131182653,0.01,"***",0.00391243495518137,0.107929725981311,0.740770833283322
"77","DRB5*01:01~DRB1*15:01~DQA1*01:02",1.71722378,1.2107548,2.4114604,0.00220167654826653,5,0.175489762138027,0.015,"***",0.00700422552165865,1.12058546235741,2.63153289923456
"47","DRB4*01:01~DRB1*04:05~DQA1*03:01",1.90469454,1.2398242,2.8772536,0.00280169020866346,5,0.214151585316331,0.02,"***",0.00700422552165865,1.15734728612625,3.1346349831161
"65","DRB4*01:01~DRB1*09:01~DQB1*03:03",1.9191176,1.352479,2.698633,0.000211610909279883,5,0.175954642988794,0.005,"***",0.00211610909279883,1.17111334409673,3.14488122024639
"96","DRB5*01:02~DRB1*15:02~DQB1*06:01",0.28275642,0.1252068,0.5528518,0.000782486991036274,5,0.373901131182653,0.01,"***",0.00391243495518137,0.107929725981311,0.740770833283322
"78","DRB4*01:01~DRB1*09:01~DPA1*02:02",1.82848318,1.2298758,2.6803656,0.00307575093477575,5,0.1983785325995,0.005,"***",0.0307575093477575,1.04773586806827,3.1910244188806
"512","DRB4*01:01~DRB1*09:01~DPB1*05:01",1.91619646,1.2598032,2.8693104,0.00317576117107438,5,0.209632751893928,0.005,"***",0.0222773596835793,1.06385169553561,3.45142926286161
"97","DRB5*01:02~DRB1*15:02~DPB1*04:01",0.22278912,0.0745104,0.5207668,0.00445547193671586,5,0.512845427881519,0.01,"***",0.0222773596835793,0.0594552181175371,0.834829869638203
"79","DRB4*01:01~DQA1*03:01~DQB1*03:03",1.8869263,1.330501,2.6517,0.000300735916965353,5,0.175659203754398,0.005,"***",0.00300735916965353,1.15242439429907,3.08956568365359
"66","DRB4*01:01~DQA1*03:01~DPA1*02:02",1.73295984,1.2615748,2.3653202,0.000976756640463823,5,0.160182203502917,0.005,"***",0.00976756640463823,1.10538532264076,2.71683524789194
"67","DRB4*01:01~DQA1*03:01~DPB1*05:01",1.70156108,1.2228586,2.3489468,0.00313584012132473,5,0.166376798452029,0.005,"***",0.017270738684782,1.06664778618359,2.71440127329195
"98","DRB5*01:02~DQA1*01:03~DPB1*04:01",0.194793788,0.060419,0.4776264,0.00345414773695641,5,0.560845174520881,0.01,"***",0.017270738684782,0.0459383401735496,0.825990222982343
"68","DRB4*01:01~DQB1*03:03~DPA1*02:02",1.8355277,1.2374456,2.6852758,0.00268175088681847,5,0.197278851527177,0.005,"***",0.0268175088681847,1.05502410718554,3.19344545259265
"69","DRB4*01:01~DQB1*03:03~DPB1*05:01",1.89477078,1.2476064,2.8328132,0.00322336355489894,5,0.20878375125097,0.005,"***",0.017270738684782,1.05446637233745,3.40471389408413
"99","DRB5*01:02~DQB1*06:01~DPB1*04:01",0.194793788,0.060419,0.4776264,0.00345414773695641,5,0.560845174520881,0.01,"***",0.017270738684782,0.0459383401735496,0.825990222982343
"710","DRB4*01:01~DPA1*02:02~DPB1*05:01",1.703569,1.225179,2.3502326,0.00306052810889996,5,0.166028811043902,0.005,"***",0.0306052810889996,1.06895013336121,2.71495109751796
"25","DRB3*02:02~DPA1*01:03~DPB1*04:01",0.50290672,0.3022136,0.7972358,0.006631012120902,5,0.246816856476154,0.01,"***",0.03315506060451,0.26630615725877,0.949715814401544
"513","DRB1*09:01~DQA1*03:01~DQB1*03:03",1.9191176,1.352479,2.698633,0.000211610909279883,5,0.175954642988794,0.005,"***",0.00211610909279883,1.17111334409673,3.14488122024639
"106","DRB1*15:02~DQA1*01:03~DQB1*06:01",0.28275642,0.1252068,0.5528518,0.000782486991036274,5,0.373901131182653,0.01,"***",0.00391243495518137,0.107929725981311,0.740770833283322
"610","DRB1*09:01~DQA1*03:01~DPA1*02:02",1.84883094,1.2430184,2.7116476,0.00260630922384535,5,0.198625239020339,0.005,"***",0.0260630922384535,1.05866191022072,3.22877002723999
"514","DRB1*09:01~DQA1*03:01~DPB1*05:01",1.91619646,1.2598032,2.8693104,0.00317576117107438,5,0.209632751893928,0.005,"***",0.017270738684782,1.06385169553561,3.45142926286161
"107","DRB1*15:02~DQA1*01:03~DPB1*04:01",0.194793788,0.060419,0.4776264,0.00345414773695641,5,0.560845174520881,0.01,"***",0.017270738684782,0.0459383401735496,0.825990222982343
"108","DRB1*15:02~DQB1*06:01~DPA1*01:03",0.219000146,0.0778914,0.4959282,0.00226469712468171,5,0.506282926255862,0.005,"***",0.0130315461192267,0.0528743913477657,0.907075480691051
"515","DRB1*09:01~DQB1*03:03~DPA1*02:02",1.84883094,1.2430184,2.7116476,0.00260630922384535,5,0.198625239020339,0.01,"***",0.0130315461192267,1.10841249164739,3.08384817967992
"611","DRB1*09:01~DQB1*03:03~DPB1*05:01",1.91619646,1.2598032,2.8693104,0.00317576117107438,5,0.209632751893928,0.005,"***",0.017270738684782,1.06385169553561,3.45142926286161
"109","DRB1*15:02~DQB1*06:01~DPB1*04:01",0.194793788,0.060419,0.4776264,0.00345414773695641,5,0.560845174520881,0.01,"***",0.017270738684782,0.0459383401735496,0.825990222982343
"516","DRB1*09:01~DPA1*02:02~DPB1*05:01",1.90922788,1.2542284,2.8607466,0.00348910195354682,5,0.210020439540024,0.005,"***",0.0348910195354682,1.05882991344532,3.44262194662443
"910","DRB1*15:02~DPA1*01:03~DPB1*04:01",0.2182731,0.06749,0.5372828,0.00703179396634035,5,0.562183036672604,0.01,"***",0.0351589698317018,0.0512983963381837,0.92874533288572
"711","DQA1*03:01~DQB1*03:03~DPA1*02:02",1.83968284,1.242051,2.687925,0.00240071970811785,5,0.196587664777263,0.005,"***",0.0148716095045063,1.05946596411184,3.19447067337143
"35","DQA1*01:03~DQB1*06:01~DPA1*01:03",0.32916412,0.1536706,0.6247814,0.00297432190090126,5,0.361731691358877,0.01,"***",0.0148716095045063,0.129644667444299,0.835738330247375
"517","DQA1*03:01~DQB1*03:03~DPB1*05:01",1.90428336,1.2572232,2.840428,0.00293970851961308,5,0.207591077529546,0.005,"***",0.0184921136800116,1.06331414678836,3.41037042169125
"26","DQA1*01:03~DQB1*06:01~DPB1*04:01",0.210064912,0.0695508,0.4977098,0.00369842273600233,5,0.539869474659502,0.01,"***",0.0184921136800116,0.0522899909327477,0.843895102416859
"518","DQA1*01:03~DPA1*01:03~DPB1*04:01",0.2525046,0.102252,0.5248348,0.001713164909801,5,0.424732263546305,0.005,"***",0.00968891286339765,0.076645558627095,0.831862591430323
"712","DQA1*03:01~DPA1*02:02~DPB1*05:01",1.71624374,1.2384846,2.3606964,0.00193778257267953,5,0.164397414932183,0.01,"***",0.00968891286339765,1.12375791683814,2.6211095209694
"612","DQB1*03:03~DPA1*02:02~DPB1*05:01",1.88613146,1.2458072,2.8117608,0.00327200091163426,5,0.207292494717914,0.005,"***",0.0327200091163426,1.05406155765396,3.37503237697017
"911","DQB1*06:01~DPA1*01:03~DPB1*04:01",0.28462966,0.1122016,0.6056986,0.0069213555785239,5,0.447383202629891,0.01,"***",0.0346067778926195,0.089909726981814,0.901059830468646
"48","A*02:06+A*11:01",3.79477264,1.511332,9.4730036,0.00464839077770797,5,0.458222126871265,0.00555555555555556,"***",0.0418355169993717,1.06503813430794,13.5209237354208
"912","DRB5*01:01+DRB4*01:01",2.97197292,1.6892028,5.1521236,0.0009807001429732,5,0.28281841616937,0.005,"***",0.009807001429732,1.34359004644892,6.57389734358168
"913","C*08:02",1.794912,1.3087828,2.43705,0.000222269654302779,5,0.158345679865799,0.005,"***",0.00181361783872098,1.15081953214053,2.79949114328256
"49","C*04:01",0.6048273,0.4558046,0.7922732,0.000362723567744196,5,0.140834192946234,0.01,"***",0.00181361783872098,0.420808609731575,0.869316963497102
"89","C*07:02",1.40537306,1.1319512,1.7395112,0.0019639591680741,5,0.109548713086054,0.015,"***",0.006546530560247,1.076633232918,1.83449050000131
"613","B*35:01",0.4694868,0.3012734,0.7022296,0.000517062741821615,5,0.215089971588269,0.005,"***",0.00517062741821615,0.256691601395896,0.858687445072616
"14","B*07:02",1.39427238,1.1135614,1.7389582,0.00345585306787159,5,0.113635115703291,0.01,"***",0.0172792653393579,1.04046531031568,1.86839046949202
"914","B*44:03",0.56182188,0.3652148,0.8329174,0.00638787996517472,5,0.209566196091558,0.015,"***",0.0211264047128434,0.337457789180394,0.93535794688088
"36","B*15:01",0.6052422,0.4104768,0.8670972,0.00845056188513734,5,0.190228533813026,0.02,"***",0.0211264047128434,0.388810066432266,0.94215184298644
"614","DRB5*01:01",1.93301106,1.5641368,2.3844382,9.078824586249e-10,5,0.107509349782262,0.00555555555555556,"***",8.1709421276241e-09,1.43471174792119,2.6043780316822
"915","DRBX*NNNN",0.6658078,0.521004,0.844174,0.000943045713418535,5,0.122998382762661,0.0111111111111111,"***",0.00424370571038341,0.487205212235643,0.90988358787597
"519","DRB4*01:01",0.7675402,0.630575,0.933904,0.00824910284787733,5,0.10014932095629,0.0166666666666667,"***",0.024747308543632,0.603916174646093,0.975496241612133
"1010","DRB1*15:01",1.8895952,1.52792,2.3322534,3.7590923113205e-09,5,0.107839454713176,0.005,"***",3.7590923113205e-08,1.39605951408556,2.55760587842978
"15","DRB1*01:01",0.41217826,0.2843464,0.580865,1.0874634471972e-06,5,0.18171917904278,0.01,"***",5.437317235986e-06,0.258108061249105,0.658216241656485
"520","DRB1*07:01",0.6196755,0.482828,0.788525,0.000129029249335712,5,0.125005584069143,0.015,"***",0.000430097497785707,0.457206426956307,0.839878231495084
"27","DQA1*01:02",1.66947326,1.3672058,2.0373588,4.90217567187087e-07,5,0.101716133763642,0.00714285714285714,"***",3.43152297030961e-06,1.26982693940293,2.19489828052124
"16","DQA1*01:01",0.59961836,0.463207,0.7686934,7.45096228327201e-05,5,0.129073025965913,0.0142857142857143,"***",0.00026078367991452,0.437057503987121,0.822642728632076
"410","DQA1*02:01",0.61873836,0.4821038,0.7873214,0.000122816092427579,5,0.124998621756976,0.0214285714285714,"***",0.000286570882331018,0.464119611567252,0.824867444930229
"810","DQB1*06:02",1.91706114,1.5498168,2.3666694,1.72123108654666e-09,5,0.10794640584577,0.005,"***",1.72123108654666e-08,1.41592659007212,2.59556070227546
"615","DQB1*05:01",0.52824598,0.39576,0.6951814,8.75500417582717e-06,5,0.143500558512614,0.01,"***",4.37750208791358e-05,0.365011588627059,0.76447933183641
"28","DQB1*03:01",1.30495666,1.0674554,1.5933084,0.00954915097178953,5,0.102134083383958,0.015,"***",0.0318305032392984,1.01789933065787,1.67296689681264
"811","A*03:01~C*04:01",0.31025748,0.1322082,0.6220988,0.00368515833652402,5,0.397824836503432,0.005,"***",0.0368515833652402,0.101564573004008,0.947768508731405
"916","C*08:02~B*14:02",2.0269385,1.4340604,2.8335158,4.75968085222415e-05,5,0.173380070919214,0.005,"***",0.000475968085222415,1.24588087863953,3.29765048426509
"37","C*04:01~B*35:01",0.44459082,0.2803902,0.6739262,0.000321703250940007,5,0.222818874872068,0.01,"***",0.00160851625470004,0.250437895157633,0.789261533698239
"812","C*07:02~B*07:02",1.35364936,1.0791116,1.6910028,0.00821646076073882,5,0.114514925699135,0.015,"***",0.0252095960225028,1.0245571472441,1.78844742312051
"616","C*06:02~B*57:01",0.51684048,0.3027992,0.8312076,0.0100838384090011,5,0.256095503088108,0.02,"***",0.0252095960225028,0.284851231263206,0.937766990095278
"713","A*03:01~C*04:01~B*35:01",0.13567648,0.02761625,0.412266,0.00445424017218562,5,0.728248777551643,0.005,"***",0.0445424017218562,0.0175675652437792,1.04784624219391
"917","DRB5*01:01~DRB1*15:01",1.8939447,1.5313882,2.3377026,3.30005131879834e-09,5,0.107856393196179,0.005,"***",3.30005131879834e-08,1.3992064563662,2.56361490496103
"1011","DRBX*NNNN~DRB1*01:01",0.41370408,0.2853858,0.5830474,1.20940730364502e-06,5,0.18174494464676,0.01,"***",6.0470365182251e-06,0.259046344359843,0.660696703640407
"813","DRB4*01:01~DRB1*07:01",0.6196755,0.482828,0.788525,0.000129029249335712,5,0.125005584069143,0.015,"***",0.000430097497785707,0.457206426956307,0.839878231495084
"814","DRB5*01:01~DQA1*01:02",1.93301106,1.5641368,2.3844382,9.078824586249e-10,5,0.107509349782262,0.005,"***",9.078824586249e-09,1.42945970847249,2.6139468891188
"918","DRBX*NNNN~DQA1*01:01",0.50333898,0.3750348,0.6654342,2.61608428234277e-06,5,0.146049646599844,0.01,"***",1.30804214117138e-05,0.345524965670728,0.733232483782006
"617","DRB4*01:01~DQA1*02:01",0.61936312,0.4825866,0.7881238,0.000126958197033006,5,0.125003263298421,0.015,"***",0.00042319399011002,0.456978527664211,0.839450108032237
"919","DRB5*01:01~DQB1*06:02",1.88241628,1.5205752,2.3255048,5.41841683376704e-09,5,0.108328391502842,0.005,"***",5.41841683376704e-08,1.38884817689742,2.55138834478288
"1012","DRBX*NNNN~DQB1*05:01",0.5062905,0.3772112,0.6693824,3.19623069706886e-06,5,0.146082568668652,0.01,"***",1.59811534853443e-05,0.347521611384818,0.737594618558586
"521","DRB4*01:01~DQB1*02:01",0.67755824,0.5165412,0.8789932,0.00428440641245606,5,0.135449310007183,0.015,"***",0.0142813547081869,0.487373830152718,0.941956954168105
"714","DRB5*01:01~DPA1*01:03",1.90806516,1.540772,2.3579958,3.45598487571241e-09,5,0.108502175650906,0.005,"***",3.45598487571241e-08,1.40708537127828,2.58741418901853
"920","DRBX*NNNN~DPA1*01:03",0.69875194,0.5440734,0.8899184,0.00487780585406238,5,0.125410068986103,0.01,"***",0.0243890292703119,0.50586046490312,0.965195557923807
"921","DRB5*01:01~DPB1*04:01",1.62428806,1.276277,2.0572904,0.000350810654681787,5,0.121801421549017,0.005,"***",0.00350810654681787,1.15392468255251,2.28638120126051
"1013","DRB1*15:01~DQA1*01:02",1.8895952,1.52792,2.3322534,3.7590923113205e-09,5,0.107839454713176,0.005,"***",3.7590923113205e-08,1.39605951408556,2.55760587842978
"17","DRB1*01:01~DQA1*01:01",0.4152394,0.2864322,0.585244,1.34478353016152e-06,5,0.18177086534455,0.01,"***",6.7239176508076e-06,0.259990346086742,0.66319292968991
"522","DRB1*07:01~DQA1*02:01",0.6196755,0.482828,0.788525,0.000129029249335712,5,0.125005584069143,0.015,"***",0.000430097497785707,0.457206426956307,0.839878231495084
"1014","DRB1*15:01~DQB1*06:02",1.85587894,1.4983398,2.2937502,1.2807911771219e-08,5,0.108578200542155,0.005,"***",1.2807911771219e-07,1.36830908159065,2.51718466702828
"18","DRB1*01:01~DQB1*05:01",0.4167843,0.287485,0.5874542,1.49504217707803e-06,5,0.18179694269336,0.01,"***",7.47521088539015e-06,0.260940113159444,0.665705056318219
"618","DRB1*07:01~DQB1*02:01",0.66079854,0.5023998,0.8592166,0.0025810971910111,5,0.136718997425669,0.015,"***",0.00860365730337033,0.473852734404883,0.921498766941867
"1015","DRB1*15:01~DPA1*01:03",1.88019782,1.517581,2.3244302,9.23838903098137e-09,5,0.108714054348595,0.005,"***",9.23838903098137e-08,1.38571045644562,2.5511417813794
"19","DRB1*01:01~DPA1*01:03",0.43740996,0.2988536,0.621539,1.47934151940925e-05,5,0.186405159828977,0.01,"***",7.39670759704625e-05,0.270621998007497,0.706991576870632
"619","DRB1*07:01~DPA1*01:03",0.6247109,0.4697734,0.8199492,0.00116487157648373,5,0.141933302703792,0.015,"***",0.00388290525494577,0.442328752484931,0.882293331343196
"1016","DRB1*15:01~DPB1*04:01",1.61950884,1.2721856,2.0517106,0.000351284838277431,5,0.12191326271731,0.005,"***",0.00351284838277431,1.15016829233905,2.28036966442906
"922","DRB1*15:01~DPB1*02:01",2.09495782,1.3056618,3.2928594,0.00278565937983452,5,0.235005629777917,0.01,"***",0.0139282968991726,1.14362041386867,3.8376791935118
"620","DRB1*07:01~DPB1*04:01",0.58808408,0.402821,0.8354822,0.00594780627871705,5,0.185933616485715,0.015,"***",0.0198260209290568,0.374132082131228,0.924387139374326
"110","DRB1*01:01~DPB1*04:01",0.45250592,0.2465912,0.7683312,0.0115218293078106,5,0.292583763539937,0.02,"***",0.0288045732695265,0.229097855674787,0.893773566897601
"29","DRB1*01:01~DPB1*04:02",0.39450142,0.1870626,0.7391962,0.014546457968308,5,0.355714448727281,0.025,"***",0.029092915936616,0.177740283644176,0.875611128727462
"210","DQA1*01:02~DQB1*06:02",1.92822176,1.558712,2.3806584,1.25226009065901e-09,5,0.107989912509285,0.005,"***",1.25226009065901e-08,1.42399582238461,2.61099021309719
"111","DQA1*01:01~DQB1*05:01",0.51563372,0.3848872,0.6806882,5.12742103479159e-06,5,0.145221773259968,0.01,"***",2.56371051739579e-05,0.354720504950217,0.749542610282293
"523","DQA1*02:01~DQB1*02:01",0.66079854,0.5023998,0.8592166,0.0025810971910111,5,0.136718997425669,0.015,"***",0.00860365730337033,0.473852734404883,0.921498766941867
"621","DQA1*02:01~DQB1*03:03",0.551958,0.3276502,0.8794808,0.0194244933335762,5,0.250463725257558,0.02,"***",0.0485612333339405,0.308217653820201,0.988449655585666
"211","DQA1*01:02~DPA1*01:03",1.6805261,1.373993,2.0536134,5.77533441401877e-07,5,0.102479739510739,0.005,"***",5.77533441401877e-06,1.26041724097279,2.24066117232856
"112","DQA1*01:01~DPA1*01:03",0.6337363,0.486739,0.816661,0.000695256562950223,5,0.131889257804703,0.01,"***",0.00347628281475111,0.451199107551744,0.890120771995613
"524","DQA1*02:01~DPA1*01:03",0.6247109,0.4697734,0.8199492,0.00116487157648373,5,0.141933302703792,0.015,"***",0.00388290525494577,0.442328752484931,0.882293331343196
"411","DQA1*01:02~DPB1*04:01",1.53627676,1.2243022,1.920402,0.000541113060474282,5,0.114813345064651,0.005,"***",0.00541113060474282,1.11301980249394,2.12048903175642
"525","DQA1*02:01~DPB1*04:01",0.58704252,0.4021234,0.8339656,0.00585165913886353,5,0.185915611164664,0.01,"***",0.0292582956943177,0.363656730312792,0.947648954527895
"815","DQB1*06:02~DPA1*01:03",1.92972584,1.5575488,2.3858288,2.21032117094326e-09,5,0.108733953469919,0.005,"***",2.21032117094326e-08,1.42213329098402,2.61849001157062
"715","DQB1*05:01~DPA1*01:03",0.5579751,0.4151234,0.7388658,9.76839046765581e-05,5,0.146889181346853,0.01,"***",0.000488419523382791,0.382203381810771,0.814582567911847
"38","DQB1*03:01~DPA1*01:03",1.29421852,1.057564,1.5815466,0.0128013380291415,5,0.102618214211468,0.015,"***",0.042671126763805,1.0083352042422,1.6611555070814
"1017","DQB1*06:02~DPB1*04:01",1.6392268,1.2875988,2.0769016,0.000330068928529059,5,0.121972300370595,0.005,"***",0.00330068928529059,1.16397899231242,2.30851632167345
"923","DRB5*01:01~DRB1*15:01~DQA1*01:02",1.8939447,1.5313882,2.3377026,3.30005131879834e-09,5,0.107856393196179,0.005,"***",3.30005131879834e-08,1.3992064563662,2.56361490496103
"1018","DRBX*NNNN~DRB1*01:01~DQA1*01:01",0.4152394,0.2864322,0.585244,1.34478353016152e-06,5,0.18177086534455,0.01,"***",6.7239176508076e-06,0.259990346086742,0.66319292968991
"816","DRB4*01:01~DRB1*07:01~DQA1*02:01",0.6196755,0.482828,0.788525,0.000129029249335712,5,0.125005584069143,0.015,"***",0.000430097497785707,0.457206426956307,0.839878231495084
"924","DRB5*01:01~DRB1*15:01~DQB1*06:02",1.86021332,1.5017892,2.2991898,1.12826428693083e-08,5,0.108595801379838,0.005,"***",1.12826428693083e-07,1.37143698973408,2.52318817547453
"1019","DRBX*NNNN~DRB1*01:01~DQB1*05:01",0.41833888,0.2885442,0.5896784,1.66178625580658e-06,5,0.18182317826841,0.01,"***",8.3089312790329e-06,0.261895704773653,0.668233252129533
"716","DRB4*01:01~DRB1*07:01~DQB1*02:01",0.66079854,0.5023998,0.8592166,0.0025810971910111,5,0.136718997425669,0.015,"***",0.00860365730337033,0.473852734404883,0.921498766941867
"817","DRB4*01:01~DRB1*07:01~DQB1*03:03",0.551958,0.3276502,0.8794808,0.0194244933335762,5,0.250463725257558,0.02,"***",0.0485612333339405,0.308217653820201,0.988449655585666
"925","DRB5*01:01~DRB1*15:01~DPA1*01:03",1.88458832,1.521073,2.3299434,7.96542962570288e-09,5,0.108732010225351,0.005,"***",7.96542962570288e-08,1.38887626088407,2.55722790856807
"1020","DRBX*NNNN~DRB1*01:01~DPA1*01:03",0.43775244,0.2990846,0.6220334,1.49330392731022e-05,5,0.186411137156913,0.01,"***",7.4665196365511e-05,0.270829717725895,0.707556025738276
"818","DRB4*01:01~DRB1*07:01~DPA1*01:03",0.6247109,0.4697734,0.8199492,0.00116487157648373,5,0.141933302703792,0.015,"***",0.00388290525494577,0.442328752484931,0.882293331343196
"819","DRB5*01:01~DRB1*15:01~DPB1*04:01",1.62298816,1.2748642,2.0562156,0.000317145304666379,5,0.121936028249342,0.005,"***",0.00317145304666379,1.15256563514317,2.28541480604963
"717","DRB5*01:01~DRB1*15:01~DPB1*02:01",2.09495782,1.3056618,3.2928594,0.00278565937983452,5,0.235005629777917,0.01,"***",0.0139282968991726,1.14362041386867,3.8376791935118
"622","DRB4*01:01~DRB1*07:01~DPB1*04:01",0.58808408,0.402821,0.8354822,0.00594780627871705,5,0.185933616485715,0.015,"***",0.0198260209290568,0.374132082131228,0.924387139374326
"926","DRBX*NNNN~DRB1*01:01~DPB1*04:01",0.4566119,0.2487772,0.7755294,0.0126274650304235,5,0.292710878115662,0.02,"***",0.029092915936616,0.231108308116134,0.902150290143786
"1021","DRBX*NNNN~DRB1*01:01~DPB1*04:02",0.39450142,0.1870626,0.7391962,0.014546457968308,5,0.355714448727281,0.025,"***",0.029092915936616,0.177740283644176,0.875611128727462
"927","DRB5*01:01~DQA1*01:02~DQB1*06:02",1.88241628,1.5205752,2.3255048,5.41841683376704e-09,5,0.108328391502842,0.005,"***",5.41841683376704e-08,1.38884817689742,2.55138834478288
"1022","DRBX*NNNN~DQA1*01:01~DQB1*05:01",0.5062905,0.3772112,0.6693824,3.19623069706886e-06,5,0.146082568668652,0.01,"***",1.59811534853443e-05,0.347521611384818,0.737594618558586
"526","DRB4*01:01~DQA1*02:01~DQB1*02:01",0.66079854,0.5023998,0.8592166,0.0025810971910111,5,0.136718997425669,0.015,"***",0.00860365730337033,0.473852734404883,0.921498766941867
"623","DRB4*01:01~DQA1*02:01~DQB1*03:03",0.551958,0.3276502,0.8794808,0.0194244933335762,5,0.250463725257558,0.02,"***",0.0485612333339405,0.308217653820201,0.988449655585666
"928","DRB5*01:01~DQA1*01:02~DPA1*01:03",1.90806516,1.540772,2.3579958,3.45598487571241e-09,5,0.108502175650906,0.005,"***",3.45598487571241e-08,1.40708537127828,2.58741418901853
"1023","DRBX*NNNN~DQA1*01:01~DPA1*01:03",0.52961078,0.3916838,0.704767,3.17845643731694e-05,5,0.149652676252306,0.01,"***",0.000158922821865847,0.360201144650231,0.778697076503109
"624","DRB4*01:01~DQA1*02:01~DPA1*01:03",0.6247109,0.4697734,0.8199492,0.00116487157648373,5,0.141933302703792,0.015,"***",0.00388290525494577,0.442328752484931,0.882293331343196
"820","DRB5*01:01~DQA1*01:02~DPB1*04:01",1.62428806,1.276277,2.0572904,0.000350810654681787,5,0.121801421549017,0.005,"***",0.00350810654681787,1.15392468255251,2.28638120126051
"625","DRB4*01:01~DQA1*02:01~DPB1*04:01",0.58808408,0.402821,0.8354822,0.00594780627871705,5,0.185933616485715,0.01,"***",0.0297390313935853,0.364285052713392,0.94937435004105
"929","DRBX*NNNN~DQA1*01:01~DPB1*04:01",0.56259772,0.3567066,0.8511696,0.0118858565892142,5,0.221488334745552,0.015,"***",0.0396195219640473,0.32826501551467,0.964209341811672
"930","DRB5*01:01~DQB1*06:02~DPA1*01:03",1.89682538,1.5299932,2.3464452,5.73975850697694e-09,5,0.109039529820809,0.005,"***",5.73975850697694e-08,1.39668838298043,2.57605530772325
"1024","DRBX*NNNN~DQB1*05:01~DPA1*01:03",0.53024618,0.3921466,0.7056262,3.21381147122207e-05,5,0.14966032364172,0.01,"***",0.000160690573561104,0.360626191792778,0.779646675153735
"931","DRB5*01:01~DQB1*06:02~DPB1*04:01",1.62807274,1.2781888,2.0636764,0.000326458820813292,5,0.122204120961306,0.005,"***",0.00326458820813292,1.15530670364295,2.2943005856134
"932","DRB5*01:01~DPA1*01:03~DPB1*04:01",1.6267289,1.2781604,2.0604444,0.000339485447226174,5,0.121816758106285,0.005,"***",0.00339485447226174,1.15560895073144,2.28991555700591
"1025","DRB1*15:01~DQA1*01:02~DQB1*06:02",1.85587894,1.4983398,2.2937502,1.2807911771219e-08,5,0.108578200542155,0.005,"***",1.2807911771219e-07,1.36830908159065,2.51718466702828
"113","DRB1*01:01~DQA1*01:01~DQB1*05:01",0.41833888,0.2885442,0.5896784,1.66178625580658e-06,5,0.18182317826841,0.01,"***",8.3089312790329e-06,0.261895704773653,0.668233252129533
"626","DRB1*07:01~DQA1*02:01~DQB1*02:01",0.66079854,0.5023998,0.8592166,0.0025810971910111,5,0.136718997425669,0.015,"***",0.00860365730337033,0.473852734404883,0.921498766941867
"1026","DRB1*15:01~DQA1*01:02~DPA1*01:03",1.88019782,1.517581,2.3244302,9.23838903098137e-09,5,0.108714054348595,0.005,"***",9.23838903098137e-08,1.38571045644562,2.5511417813794
"114","DRB1*01:01~DQA1*01:01~DPA1*01:03",0.4395068,0.300267,0.6245676,1.65085387144437e-05,5,0.186441731056686,0.01,"***",8.25426935722185e-05,0.271893681996822,0.710447649344416
"627","DRB1*07:01~DQA1*02:01~DPA1*01:03",0.6247109,0.4697734,0.8199492,0.00116487157648373,5,0.141933302703792,0.015,"***",0.00388290525494577,0.442328752484931,0.882293331343196
"1027","DRB1*15:01~DQA1*01:02~DPB1*04:01",1.61950884,1.2721856,2.0517106,0.000351284838277431,5,0.12191326271731,0.005,"***",0.00351284838277431,1.15016829233905,2.28036966442906
"933","DRB1*15:01~DQA1*01:02~DPB1*02:01",2.09495782,1.3056618,3.2928594,0.00278565937983452,5,0.235005629777917,0.01,"***",0.0139282968991726,1.14362041386867,3.8376791935118
"628","DRB1*07:01~DQA1*02:01~DPB1*04:01",0.58808408,0.402821,0.8354822,0.00594780627871705,5,0.185933616485715,0.015,"***",0.0198260209290568,0.374132082131228,0.924387139374326
"115","DRB1*01:01~DQA1*01:01~DPB1*04:01",0.4584325,0.2497654,0.7786774,0.0131365419499101,5,0.292763676559115,0.02,"***",0.0304176344910094,0.232001283761563,0.905858595473293
"212","DRB1*01:01~DQA1*01:01~DPB1*04:02",0.39576118,0.1876546,0.7416278,0.0152088172455047,5,0.355760122926173,0.025,"***",0.0304176344910094,0.178289607864689,0.878497145575993
"1028","DRB1*15:01~DQB1*06:02~DPA1*01:03",1.86889794,1.5067476,2.3128158,1.53698919732033e-08,5,0.109262949155503,0.005,"***",1.53698919732033e-07,1.37526182659449,2.53971966835238
"116","DRB1*01:01~DQB1*05:01~DPA1*01:03",0.4398266,0.3004796,0.625035,1.65195788798323e-05,5,0.186447700956045,0.01,"***",8.25978943991615e-05,0.272087336988653,0.710975527963021
"718","DRB1*07:01~DQB1*02:01~DPA1*01:03",0.6684552,0.4840998,0.9066008,0.0140399071346518,5,0.159804025134453,0.015,"***",0.0467996904488393,0.453169131433536,0.98601675050891
"1029","DRB1*15:01~DQB1*06:02~DPB1*04:01",1.62325808,1.274067,2.058056,0.000327289008892938,5,0.122318597927684,0.005,"***",0.00327289008892938,1.15152005343685,2.28825089621401
"1030","DRB1*15:01~DPA1*01:03~DPB1*04:01",1.62194384,1.274064,2.0548582,0.000339936792232565,5,0.121928632573021,0.005,"***",0.00339936792232565,1.15184792292805,2.28389683025739
"934","DRB1*15:01~DPA1*01:03~DPB1*02:01",2.09495782,1.3056618,3.2928594,0.00278565937983452,5,0.235005629777917,0.01,"***",0.0139282968991726,1.14362041386867,3.8376791935118
"629","DRB1*07:01~DPA1*01:03~DPB1*04:01",0.58808408,0.402821,0.8354822,0.00594780627871705,5,0.185933616485715,0.015,"***",0.0198260209290568,0.374132082131228,0.924387139374326
"117","DRB1*01:01~DPA1*01:03~DPB1*04:01",0.45601042,0.2484896,0.7743988,0.0126095077351341,5,0.292686640547507,0.02,"***",0.029092915936616,0.230816890907945,0.900911117598882
"213","DRB1*01:01~DPA1*01:03~DPB1*04:02",0.39450142,0.1870626,0.7391962,0.014546457968308,5,0.355714448727281,0.025,"***",0.029092915936616,0.177740283644176,0.875611128727462
"214","DQA1*01:02~DQB1*06:02~DPA1*01:03",1.93319534,1.560308,2.3901862,2.06351630935027e-09,5,0.10874791900087,0.005,"***",2.06351630935027e-08,1.424634329057,2.62330069293746
"118","DQA1*01:01~DQB1*05:01~DPA1*01:03",0.5404875,0.4005306,0.7180568,4.96085326192334e-05,5,0.148722899361421,0.01,"***",0.000248042663096167,0.368480100123787,0.792788369190393
"527","DQA1*02:01~DQB1*02:01~DPA1*01:03",0.6684552,0.4840998,0.9066008,0.0140399071346518,5,0.159804025134453,0.015,"***",0.0467996904488393,0.453169131433536,0.98601675050891
"215","DQA1*01:02~DQB1*06:02~DPB1*04:01",1.6392268,1.2875988,2.0769016,0.000330068928529059,5,0.121972300370595,0.005,"***",0.00330068928529059,1.16397899231242,2.30851632167345
"412","DQA1*01:02~DPA1*01:03~DPB1*04:01",1.53086124,1.219632,1.9141202,0.000590169957900574,5,0.114952439323717,0.005,"***",0.00590169957900574,1.10866334949379,2.11383927970955
"528","DQA1*02:01~DPA1*01:03~DPB1*04:01",0.58808408,0.402821,0.8354822,0.00594780627871705,5,0.185933616485715,0.01,"***",0.0297390313935853,0.364285052713392,0.94937435004105
"1031","DQB1*06:02~DPA1*01:03~DPB1*04:01",1.62836144,1.2786256,2.0637338,0.000361025732642841,5,0.122134039500027,0.005,"***",0.00361025732642841,1.15573890560879,2.29425605247938
"39","DQA1*01:02+DQA1*05:01",2.17514704,1.4635442,3.1892584,0.00414710668213255,5,0.198950397514748,0.005,"***",0.0414710668213255,1.24437797028637,3.80211218664691
"1032","DQB1*06:02+DQB1*03:01",2.99970858,1.8694444,4.76512,0.00123064134960206,5,0.238891929613569,0.005,"***",0.0123064134960206,1.53409009077542,5.86553007481938
"935","DRB5*01:01~DQA1*01:02+DRB3*02:02~DQA1*05:01",3.49840404,2.04827,5.9346556,0.000267510961238782,5,0.270822206719834,0.005,"***",0.00267510961238782,1.63574735283825,7.48210339809033
"630","DRB5*01:01~DQB1*06:02+DRB3*02:02~DQB1*03:01",4.1026113,2.2560706,7.4713506,0.00247622177194288,5,0.305350357231068,0.005,"***",0.0247622177194288,1.74106136907438,9.66733268445098
"821","DRB5*01:01~DPA1*01:03+DRB3*02:02~DPA1*01:03",3.5302416,2.1082332,5.8760786,8.72221320344679e-05,5,0.260324948348313,0.005,"***",0.000872221320344679,1.69999513581611,7.33096553737354
"936","DRB1*15:01~DPA1*01:03+DRB1*11:01~DPA1*01:03",4.9044859,2.2353324,10.9909136,0.00230447271262391,5,0.404154867393222,0.005,"***",0.0230447271262391,1.57723594901304,15.2507188023141
"529","DQA1*01:02~DQB1*06:02+DQA1*05:01~DQB1*03:01",4.27556746,2.4633226,7.440646,0.000374061413675594,5,0.281469630571563,0.005,"***",0.00374061413675594,1.94026017514626,9.42166279511087
"310","DQA1*01:02~DPA1*01:03+DQA1*05:01~DPA1*01:03",2.5113628,1.6325354,3.8134908,0.000544261334137579,5,0.216338263283898,0.005,"***",0.00544261334137579,1.3682831018476,4.60938464028938
"1033","DQB1*06:02~DPA1*01:03+DQB1*03:01~DPA1*01:03",3.1542385,1.9082122,5.1665384,0.00269986463555007,5,0.254024471548904,0.005,"***",0.0226263055287864,1.54603228724195,6.43532518498124
"719","DQB1*03:01~DPA1*01:03+DQB1*06:02~DPA1*01:03",2.60730526,1.486377,4.4829516,0.00452526110575727,5,0.282623114554772,0.01,"***",0.0226263055287864,1.25901330159078,5.39949872668878
"631","DRB5*01:01~DRB1*15:01~DPA1*01:03+DRB3*02:02~DRB1*11:01~DPA1*01:03",4.9044859,2.2353324,10.9909136,0.00230447271262391,5,0.404154867393222,0.005,"***",0.0230447271262391,1.57723594901304,15.2507188023141
"632","DRB5*01:01~DQA1*01:02~DQB1*06:02+DRB3*02:02~DQA1*05:01~DQB1*03:01",4.1026113,2.2560706,7.4713506,0.00247622177194288,5,0.305350357231068,0.005,"***",0.0247622177194288,1.74106136907438,9.66733268445098
"937","DRB5*01:01~DQA1*01:02~DPA1*01:03+DRB3*02:02~DQA1*05:01~DPA1*01:03",3.78832182,2.176577,6.571507,0.000231594469442638,5,0.280965174500699,0.005,"***",0.00231594469442638,1.72158331078561,8.33615319222582
"720","DRB5*01:01~DQB1*06:02~DPA1*01:03+DRB3*02:02~DQB1*03:01~DPA1*01:03",4.42457082,2.3758124,8.2999684,0.0029747611727114,5,0.31810234375612,0.005,"***",0.029747611727114,1.81167034672297,10.8059542822495
"938","DRB1*15:01~DQA1*01:02~DPA1*01:03+DRB1*11:01~DQA1*05:01~DPA1*01:03",4.9044859,2.2353324,10.9909136,0.00230447271262391,5,0.404154867393222,0.005,"***",0.0230447271262391,1.57723594901304,15.2507188023141
"530","DQA1*01:02~DQB1*06:02~DPA1*01:03+DQA1*05:01~DQB1*03:01~DPA1*01:03",4.37751172,2.460233,7.8277498,0.000970491633394887,5,0.294296552929925,0.005,"***",0.00970491633394887,1.91626906547193,9.99995731498073
"633","DRB5*01:01~DRB1*15:01~DQA1*01:02~DPA1*01:03+DRB3*02:02~DRB1*11:01~DQA1*05:01~DPA1*01:03",4.9044859,2.2353324,10.9909136,0.00230447271262391,5,0.404154867393222,0.005,"***",0.0230447271262391,1.57723594901304,15.2507188023141
"721","DRB5*01:01~DQA1*01:02~DQB1*06:02~DPA1*01:03+DRB3*02:02~DQA1*05:01~DQB1*03:01~DPA1*01:03",4.42457082,2.3758124,8.2999684,0.0029747611727114,5,0.31810234375612,0.005,"***",0.029747611727114,1.81167034672297,10.8059542822495
