"","OR","FDR LCI","FDR UCI","FDR p","Uncorrected p","Group","Loading","CaseRank","ControlRank","CaseCount","ControlCount","CaseFreq","ControlFreq"
"C*08:02",1.794912,1.15081953214053,2.79949114328256,0.00181361783872098,0.000222269654302779,"Group 8",0.979234491023633,6,10,69,151.2,0.069,0.0378
"C*04:01",0.6048273,0.420808609731575,0.869316963497102,0.00181361783872098,0.000362723567744196,"Group 5",0.577520497715061,5,3,70,447.6,0.07,0.1119
"C*07:02",1.40537306,1.076633232918,1.83449050000131,0.006546530560247,0.0019639591680741,"Group 4",0.905688486398324,1,2,168.6,523,0.1686,0.13075
"B*35:01",0.4694868,0.256691601395896,0.858687445072616,0.00517062741821615,0.000517062741821615,"Group 5",0.888958369063296,11,5,26.8,215.2,0.0268,0.0538
"B*07:02",1.39427238,1.04046531031568,1.86839046949202,0.0172792653393579,0.00345585306787159,"Group 4",0.975846084518574,1,1,149,459.6,0.149,0.1149
"B*44:03",0.56182188,0.337457789180394,0.93535794688088,0.0211264047128434,0.00638787996517472,"Group 3",0.260797223035348,10,7,27.8,193.4,0.0278,0.04835
"B*15:01",0.6052422,0.388810066432266,0.94215184298644,0.0211264047128434,0.00845056188513734,"Group 7",-0.100735395337729,9,4,35.6,228.8,0.0356,0.0572
"DRB5*01:01",1.93301106,1.43471174792119,2.6043780316822,8.1709421276241e-09,9.078824586249e-10,"Group 1",0.954395491545498,3,5,186.6,485.4,0.1866,0.12135
"DRBX*NNNN",0.6658078,0.487205212235643,0.90988358787597,0.00424370571038341,0.000943045713418535,"Group 2",0.846475761576193,5,3,111,590,0.111,0.1475
"DRB4*01:01",0.7675402,0.603916174646093,0.975496241612133,0.024747308543632,0.00824910284787733,"Group 3",0.410064839001387,1,1,282,1314,0.282,0.3285
"DRB1*15:01",1.8895952,1.39605951408556,2.55760587842978,3.7590923113205e-08,3.7590923113205e-09,"Group 1",0.954395491545498,1,2,183.6,484.2,0.1836,0.12105
"DRB1*01:01",0.41217826,0.258108061249105,0.658216241656485,5.437317235986e-06,1.0874634471972e-06,"Group 6",0.920284636326305,8,5,36.8,341.2,0.0368,0.0853
"DRB1*07:01",0.6196755,0.457206426956307,0.839878231495084,0.000430097497785707,0.000129029249335712,"Group 3",0.857715166822631,3,1,98,587,0.098,0.14675
"DQA1*01:02",1.66947326,1.26982693940293,2.19489828052124,3.43152297030961e-06,4.90217567187087e-07,"Group 1",0.76225022226926,2,2,244,738.8,0.244,0.1847
"DQA1*01:01",0.59961836,0.437057503987121,0.822642728632076,0.00026078367991452,7.45096228327201e-05,"Group 2",0.844397931209973,5,5,95,561.2,0.095,0.1403
"DQA1*02:01",0.61873836,0.464119611567252,0.824867444930229,0.000286570882331018,0.000122816092427579,"Group 3",0.857715166822631,4,4,98,587.6,0.098,0.1469
"DQB1*06:02",1.91706114,1.41592659007212,2.59556070227546,1.72123108654666e-08,1.72123108654666e-09,"Group 1",0.953488398155206,3,3,184.6,480.2,0.1846,0.12005
"DQB1*05:01",0.52824598,0.365011588627059,0.76447933183641,4.37750208791358e-05,8.75500417582717e-06,"Group 2",0.900598484844997,5,4,71,475.6,0.071,0.1189
"DQB1*03:01",1.30495666,1.01789933065787,1.67296689681264,0.0318305032392984,0.00954915097178953,"Group 7",0.97860756213473,1,2,231.2,794.8,0.2312,0.1987
"A*03:01~C*04:01",0.31025748,0.101564573004008,0.947768508731405,0.0368515833652402,0.00368515833652402,"Group 5",0.417635811213782,12,8,8,97.5,0.008,0.024375
"C*08:02~B*14:02",2.0269385,1.24588087863953,3.29765048426509,0.000475968085222415,4.75968085222415e-05,"Group 8",0.92112138041269,4,8,58.2,113.2,0.0582,0.0283
"C*04:01~B*35:01",0.44459082,0.250437895157633,0.789261533698239,0.00160851625470004,0.000321703250940007,"Group 5",0.934245890374514,7,5,23.8,209.4,0.0238,0.05235
"C*07:02~B*07:02",1.35364936,1.0245571472441,1.78844742312051,0.0252095960225028,0.00821646076073882,"Group 4",1.00419800620321,1,1,144,455.2,0.144,0.1138
"C*06:02~B*57:01",0.51684048,0.284851231263206,0.937766990095278,0.0252095960225028,0.0100838384090011,"Group 9",0.567394357751798,9,6,18,136.6,0.018,0.03415
"A*03:01~C*04:01~B*35:01",0.13567648,0.0175675652437792,1.04784624219391,0.0445424017218562,0.00445424017218562,"Group 5",0.48710294452195,11,8,2.25,65,0.00225,0.01625
"DRB5*01:01~DRB1*15:01",1.8939447,1.3992064563662,2.56361490496103,3.30005131879834e-08,3.30005131879834e-09,"Group 1",0.954395491545498,1,2,183.6,483.4,0.1836,0.12085
"DRBX*NNNN~DRB1*01:01",0.41370408,0.259046344359843,0.660696703640407,6.0470365182251e-06,1.20940730364502e-06,"Group 6",0.920284636326305,7,5,36.8,340.2,0.0368,0.08505
"DRB4*01:01~DRB1*07:01",0.6196755,0.457206426956307,0.839878231495084,0.000430097497785707,0.000129029249335712,"Group 3",0.857715166822631,3,1,98,587,0.098,0.14675
"DRB5*01:01~DQA1*01:02",1.93301106,1.42945970847249,2.6139468891188,9.078824586249e-09,9.078824586249e-10,"Group 1",0.954395491545498,1,4,186.6,485.4,0.1866,0.12135
"DRBX*NNNN~DQA1*01:01",0.50333898,0.345524965670728,0.733232483782006,1.30804214117138e-05,2.61608428234277e-06,"Group 2",0.901115394917292,6,5,68,473.6,0.068,0.1184
"DRB4*01:01~DQA1*02:01",0.61936312,0.456978527664211,0.839450108032237,0.00042319399011002,0.000126958197033006,"Group 3",0.857715166822631,5,2,98,587.2,0.098,0.1468
"DRB5*01:01~DQB1*06:02",1.88241628,1.38884817689742,2.55138834478288,5.41841683376704e-08,5.41841683376704e-09,"Group 1",0.95976707424406,1,2,180.6,476.4,0.1806,0.1191
"DRBX*NNNN~DQB1*05:01",0.5062905,0.347521611384818,0.737594618558586,1.59811534853443e-05,3.19623069706886e-06,"Group 2",0.901115394917292,7,3,68,471.6,0.068,0.1179
"DRB4*01:01~DQB1*02:01",0.67755824,0.487373830152718,0.941956954168105,0.0142813547081869,0.00428440641245606,"Group 3",0.962349617409224,5,4,80,452.2,0.08,0.11305
"DRB5*01:01~DPA1*01:03",1.90806516,1.40708537127828,2.58741418901853,3.45598487571241e-08,3.45598487571241e-09,"Group 1",0.968056478663456,3,4,178.8,467.4,0.1788,0.11685
"DRBX*NNNN~DPA1*01:03",0.69875194,0.50586046490312,0.965195557923807,0.0243890292703119,0.00487780585406238,"Group 2",0.851782939344898,5,3,106,542,0.106,0.1355
"DRB5*01:01~DPB1*04:01",1.62428806,1.15392468255251,2.28638120126051,0.00350810654681787,0.000350810654681787,"Group 10",0.624928467060612,2,2,119,333.2,0.119,0.0833
"DRB1*15:01~DQA1*01:02",1.8895952,1.39605951408556,2.55760587842978,3.7590923113205e-08,3.7590923113205e-09,"Group 1",0.954395491545498,1,2,183.6,484.2,0.1836,0.12105
"DRB1*01:01~DQA1*01:01",0.4152394,0.259990346086742,0.66319292968991,6.7239176508076e-06,1.34478353016152e-06,"Group 6",0.920284636326305,8,5,36.8,339.2,0.0368,0.0848
"DRB1*07:01~DQA1*02:01",0.6196755,0.457206426956307,0.839878231495084,0.000430097497785707,0.000129029249335712,"Group 3",0.857715166822631,3,1,98,587,0.098,0.14675
"DRB1*15:01~DQB1*06:02",1.85587894,1.36830908159065,2.51718466702828,1.2807911771219e-07,1.2807911771219e-08,"Group 1",0.95976707424406,1,2,178.6,475.2,0.1786,0.1188
"DRB1*01:01~DQB1*05:01",0.4167843,0.260940113159444,0.665705056318219,7.47521088539015e-06,1.49504217707803e-06,"Group 6",0.920284636326305,7,4,36.8,338.2,0.0368,0.08455
"DRB1*07:01~DQB1*02:01",0.66079854,0.473852734404883,0.921498766941867,0.00860365730337033,0.0025810971910111,"Group 3",0.975528319459215,3,3,78,450.2,0.078,0.11255
"DRB1*15:01~DPA1*01:03",1.88019782,1.38571045644562,2.5511417813794,9.23838903098137e-08,9.23838903098137e-09,"Group 1",0.968056478663456,1,1,177,467,0.177,0.11675
"DRB1*01:01~DPA1*01:03",0.43740996,0.270621998007497,0.706991576870632,7.39670759704625e-05,1.47934151940925e-05,"Group 6",0.932625049384836,9,5,35,308.4,0.035,0.0771
"DRB1*07:01~DPA1*01:03",0.6247109,0.442328752484931,0.882293331343196,0.00388290525494577,0.00116487157648373,"Group 3",0.819562831966152,5,2,70.6,427.6,0.0706,0.1069
"DRB1*15:01~DPB1*04:01",1.61950884,1.15016829233905,2.28036966442906,0.00351284838277431,0.000351284838277431,"Group 10",0.624928467060612,1,1,118.6,332.8,0.1186,0.0832
"DRB1*15:01~DPB1*02:01",2.09495782,1.14362041386867,3.8376791935118,0.0139282968991726,0.00278565937983452,"Group 10",-0.621039418344267,7,12,31,69,0.031,0.01725
"DRB1*07:01~DPB1*04:01",0.58808408,0.374132082131228,0.924387139374326,0.0198260209290568,0.00594780627871705,"Group 3",0.490384657815423,6,2,36.8,242.2,0.0368,0.06055
"DRB1*01:01~DPB1*04:01",0.45250592,0.229097855674787,0.893773566897601,0.0288045732695265,0.0115218293078106,"Group 11",0.693003783653679,11,6,13.8,118.8,0.0138,0.0297
"DRB1*01:01~DPB1*04:02",0.39450142,0.177740283644176,0.875611128727462,0.029092915936616,0.014546457968308,"Group 6",0.55712343852501,12,8,9.2,93.8,0.0092,0.02345
"DQA1*01:02~DQB1*06:02",1.92822176,1.42399582238461,2.61099021309719,1.25226009065901e-08,1.25226009065901e-09,"Group 1",0.953488398155206,1,3,184.6,478.2,0.1846,0.11955
"DQA1*01:01~DQB1*05:01",0.51563372,0.354720504950217,0.749542610282293,2.56371051739579e-05,5.12742103479159e-06,"Group 2",0.901115394917292,7,4,69,471.6,0.069,0.1179
"DQA1*02:01~DQB1*02:01",0.66079854,0.473852734404883,0.921498766941867,0.00860365730337033,0.0025810971910111,"Group 3",0.975528319459215,5,5,78,450.2,0.078,0.11255
"DQA1*02:01~DQB1*03:03",0.551958,0.308217653820201,0.988449655585666,0.0485612333339405,0.0194244933335762,"Group 9",1.00163590494739,10,10,20,136,0.02,0.034
"DQA1*01:02~DPA1*01:03",1.6805261,1.26041724097279,2.24066117232856,5.77533441401877e-06,5.77533441401877e-07,"Group 1",0.784380286052656,2,3,231,688.6,0.231,0.17215
"DQA1*01:01~DPA1*01:03",0.6337363,0.451199107551744,0.890120771995613,0.00347628281475111,0.000695256562950223,"Group 2",0.843292856925413,4,4,90.4,512.2,0.0904,0.12805
"DQA1*02:01~DPA1*01:03",0.6247109,0.442328752484931,0.882293331343196,0.00388290525494577,0.00116487157648373,"Group 3",0.819562831966152,5,5,70.6,427.6,0.0706,0.1069
"DQA1*01:02~DPB1*04:01",1.53627676,1.11301980249394,2.12048903175642,0.00541113060474282,0.000541113060474282,"Group 10",0.644704413998725,1,1,141.2,418.8,0.1412,0.1047
"DQA1*02:01~DPB1*04:01",0.58704252,0.363656730312792,0.947648954527895,0.0292582956943177,0.00585165913886353,"Group 3",0.490384657815423,8,4,36.8,242.6,0.0368,0.06065
"DQB1*06:02~DPA1*01:03",1.92972584,1.42213329098402,2.61849001157062,2.21032117094326e-08,2.21032117094326e-09,"Group 1",0.966822422378743,2,3,179,462.2,0.179,0.11555
"DQB1*05:01~DPA1*01:03",0.5579751,0.382203381810771,0.814582567911847,0.000488419523382791,9.76839046765581e-05,"Group 2",0.903887077747951,5,4,67.6,432.6,0.0676,0.10815
"DQB1*03:01~DPA1*01:03",1.29421852,1.0083352042422,1.6611555070814,0.042671126763805,0.0128013380291415,"Group 7",0.96486549052582,1,1,222.8,771.6,0.2228,0.1929
"DQB1*06:02~DPB1*04:01",1.6392268,1.16397899231242,2.30851632167345,0.00330068928529059,0.000330068928529059,"Group 10",0.624928467060612,1,2,119.8,331.2,0.1198,0.0828
"DRB5*01:01~DRB1*15:01~DQA1*01:02",1.8939447,1.3992064563662,2.56361490496103,3.30005131879834e-08,3.30005131879834e-09,"Group 1",0.954395491545498,1,2,183.6,483.4,0.1836,0.12085
"DRBX*NNNN~DRB1*01:01~DQA1*01:01",0.4152394,0.259990346086742,0.66319292968991,6.7239176508076e-06,1.34478353016152e-06,"Group 6",0.920284636326305,7,5,36.8,339.2,0.0368,0.0848
"DRB4*01:01~DRB1*07:01~DQA1*02:01",0.6196755,0.457206426956307,0.839878231495084,0.000430097497785707,0.000129029249335712,"Group 3",0.857715166822631,3,1,98,587,0.098,0.14675
"DRB5*01:01~DRB1*15:01~DQB1*06:02",1.86021332,1.37143698973408,2.52318817547453,1.12826428693083e-07,1.12826428693083e-08,"Group 1",0.95976707424406,1,1,178.6,474.4,0.1786,0.1186
"DRBX*NNNN~DRB1*01:01~DQB1*05:01",0.41833888,0.261895704773653,0.668233252129533,8.3089312790329e-06,1.66178625580658e-06,"Group 6",0.920284636326305,6,4,36.8,337.2,0.0368,0.0843
"DRB4*01:01~DRB1*07:01~DQB1*02:01",0.66079854,0.473852734404883,0.921498766941867,0.00860365730337033,0.0025810971910111,"Group 3",0.975528319459215,3,2,78,450.2,0.078,0.11255
"DRB4*01:01~DRB1*07:01~DQB1*03:03",0.551958,0.308217653820201,0.988449655585666,0.0485612333339405,0.0194244933335762,"Group 9",1.00163590494739,11,10,20,139.666666666667,0.02,0.0349166666666667
"DRB5*01:01~DRB1*15:01~DPA1*01:03",1.88458832,1.38887626088407,2.55722790856807,7.96542962570288e-08,7.96542962570288e-09,"Group 1",0.968056478663456,1,1,177,466.2,0.177,0.11655
"DRBX*NNNN~DRB1*01:01~DPA1*01:03",0.43775244,0.270829717725895,0.707556025738276,7.4665196365511e-05,1.49330392731022e-05,"Group 6",0.932625049384836,8,4,35,308.2,0.035,0.07705
"DRB4*01:01~DRB1*07:01~DPA1*01:03",0.6247109,0.442328752484931,0.882293331343196,0.00388290525494577,0.00116487157648373,"Group 3",0.819562831966152,4,2,70.6,427.6,0.0706,0.1069
"DRB5*01:01~DRB1*15:01~DPB1*04:01",1.62298816,1.15256563514317,2.28541480604963,0.00317145304666379,0.000317145304666379,"Group 10",0.624928467060612,1,1,118.6,332.2,0.1186,0.08305
"DRB5*01:01~DRB1*15:01~DPB1*02:01",2.09495782,1.14362041386867,3.8376791935118,0.0139282968991726,0.00278565937983452,"Group 10",-0.621039418344267,7,11,29.25,57.75,0.02925,0.0144375
"DRB4*01:01~DRB1*07:01~DPB1*04:01",0.58808408,0.374132082131228,0.924387139374326,0.0198260209290568,0.00594780627871705,"Group 3",0.490384657815423,5,2,36.8,242.2,0.0368,0.06055
"DRBX*NNNN~DRB1*01:01~DPB1*04:01",0.4566119,0.231108308116134,0.902150290143786,0.029092915936616,0.0126274650304235,"Group 11",0.693003783653679,9,6,13.8,117.8,0.0138,0.02945
"DRBX*NNNN~DRB1*01:01~DPB1*04:02",0.39450142,0.177740283644176,0.875611128727462,0.029092915936616,0.014546457968308,"Group 6",0.55712343852501,11,8,9.2,93.8,0.0092,0.02345
"DRB5*01:01~DQA1*01:02~DQB1*06:02",1.88241628,1.38884817689742,2.55138834478288,5.41841683376704e-08,5.41841683376704e-09,"Group 1",0.95976707424406,1,2,180.6,476.4,0.1806,0.1191
"DRBX*NNNN~DQA1*01:01~DQB1*05:01",0.5062905,0.347521611384818,0.737594618558586,1.59811534853443e-05,3.19623069706886e-06,"Group 2",0.901115394917292,7,3,68,471.6,0.068,0.1179
"DRB4*01:01~DQA1*02:01~DQB1*02:01",0.66079854,0.473852734404883,0.921498766941867,0.00860365730337033,0.0025810971910111,"Group 3",0.975528319459215,5,4,78,450.2,0.078,0.11255
"DRB4*01:01~DQA1*02:01~DQB1*03:03",0.551958,0.308217653820201,0.988449655585666,0.0485612333339405,0.0194244933335762,"Group 9",1.00163590494739,11,9,20,136,0.02,0.034
"DRB5*01:01~DQA1*01:02~DPA1*01:03",1.90806516,1.40708537127828,2.58741418901853,3.45598487571241e-08,3.45598487571241e-09,"Group 1",0.968056478663456,1,3,178.8,467.4,0.1788,0.11685
"DRBX*NNNN~DQA1*01:01~DPA1*01:03",0.52961078,0.360201144650231,0.778697076503109,0.000158922821865847,3.17845643731694e-05,"Group 2",0.905157072983014,6,4,64.6,431.2,0.0646,0.1078
"DRB4*01:01~DQA1*02:01~DPA1*01:03",0.6247109,0.442328752484931,0.882293331343196,0.00388290525494577,0.00116487157648373,"Group 3",0.819562831966152,5,5,70.6,427.6,0.0706,0.1069
"DRB5*01:01~DQA1*01:02~DPB1*04:01",1.62428806,1.15392468255251,2.28638120126051,0.00350810654681787,0.000350810654681787,"Group 10",0.624928467060612,1,2,119,333.2,0.119,0.0833
"DRB4*01:01~DQA1*02:01~DPB1*04:01",0.58808408,0.364285052713392,0.94937435004105,0.0297390313935853,0.00594780627871705,"Group 3",0.490384657815423,6,3,36.8,242.2,0.0368,0.06055
"DRBX*NNNN~DQA1*01:01~DPB1*04:01",0.56259772,0.32826501551467,0.964209341811672,0.0396195219640473,0.0118858565892142,"Group 11",0.584553723884996,9,5,26,172.6,0.026,0.04315
"DRB5*01:01~DQB1*06:02~DPA1*01:03",1.89682538,1.39668838298043,2.57605530772325,5.73975850697694e-08,5.73975850697694e-09,"Group 1",0.97103218716437,1,2,175.6,459.8,0.1756,0.11495
"DRBX*NNNN~DQB1*05:01~DPA1*01:03",0.53024618,0.360626191792778,0.779646675153735,0.000160690573561104,3.21381147122207e-05,"Group 2",0.905157072983014,5,3,64.6,430.8,0.0646,0.1077
"DRB5*01:01~DQB1*06:02~DPB1*04:01",1.62807274,1.15530670364295,2.2943005856134,0.00326458820813292,0.000326458820813292,"Group 10",0.624928467060612,1,1,118,329.6,0.118,0.0824
"DRB5*01:01~DPA1*01:03~DPB1*04:01",1.6267289,1.15560895073144,2.28991555700591,0.00339485447226174,0.000339485447226174,"Group 10",0.624928467060612,2,2,119,332.8,0.119,0.0832
"DRB1*15:01~DQA1*01:02~DQB1*06:02",1.85587894,1.36830908159065,2.51718466702828,1.2807911771219e-07,1.2807911771219e-08,"Group 1",0.95976707424406,1,2,178.6,475.2,0.1786,0.1188
"DRB1*01:01~DQA1*01:01~DQB1*05:01",0.41833888,0.261895704773653,0.668233252129533,8.3089312790329e-06,1.66178625580658e-06,"Group 6",0.920284636326305,7,4,36.8,337.2,0.0368,0.0843
"DRB1*07:01~DQA1*02:01~DQB1*02:01",0.66079854,0.473852734404883,0.921498766941867,0.00860365730337033,0.0025810971910111,"Group 3",0.975528319459215,3,3,78,450.2,0.078,0.11255
"DRB1*15:01~DQA1*01:02~DPA1*01:03",1.88019782,1.38571045644562,2.5511417813794,9.23838903098137e-08,9.23838903098137e-09,"Group 1",0.968056478663456,1,1,177,467,0.177,0.11675
"DRB1*01:01~DQA1*01:01~DPA1*01:03",0.4395068,0.271893681996822,0.710447649344416,8.25426935722185e-05,1.65085387144437e-05,"Group 6",0.932625049384836,9,5,35,307.2,0.035,0.0768
"DRB1*07:01~DQA1*02:01~DPA1*01:03",0.6247109,0.442328752484931,0.882293331343196,0.00388290525494577,0.00116487157648373,"Group 3",0.819562831966152,4,2,70.6,427.6,0.0706,0.1069
"DRB1*15:01~DQA1*01:02~DPB1*04:01",1.61950884,1.15016829233905,2.28036966442906,0.00351284838277431,0.000351284838277431,"Group 10",0.624928467060612,1,1,118.6,332.8,0.1186,0.0832
"DRB1*15:01~DQA1*01:02~DPB1*02:01",2.09495782,1.14362041386867,3.8376791935118,0.0139282968991726,0.00278565937983452,"Group 10",-0.621039418344267,7,12,31,69,0.031,0.01725
"DRB1*07:01~DQA1*02:01~DPB1*04:01",0.58808408,0.374132082131228,0.924387139374326,0.0198260209290568,0.00594780627871705,"Group 3",0.490384657815423,5,2,36.8,242.2,0.0368,0.06055
"DRB1*01:01~DQA1*01:01~DPB1*04:01",0.4584325,0.232001283761563,0.905858595473293,0.0304176344910094,0.0131365419499101,"Group 11",0.693003783653679,11,6,13.8,117.4,0.0138,0.02935
"DRB1*01:01~DQA1*01:01~DPB1*04:02",0.39576118,0.178289607864689,0.878497145575993,0.0304176344910094,0.0152088172455047,"Group 6",0.55712343852501,12,8,9.2,93.6,0.0092,0.0234
"DRB1*15:01~DQB1*06:02~DPA1*01:03",1.86889794,1.37526182659449,2.53971966835238,1.53698919732033e-07,1.53698919732033e-08,"Group 1",0.97103218716437,1,1,173.8,459.4,0.1738,0.11485
"DRB1*01:01~DQB1*05:01~DPA1*01:03",0.4398266,0.272087336988653,0.710975527963021,8.25978943991615e-05,1.65195788798323e-05,"Group 6",0.932625049384836,8,4,35,307,0.035,0.07675
"DRB1*07:01~DQB1*02:01~DPA1*01:03",0.6684552,0.453169131433536,0.98601675050891,0.0467996904488393,0.0140399071346518,"Group 3",0.919289674357729,4,3,54,310.6,0.054,0.07765
"DRB1*15:01~DQB1*06:02~DPB1*04:01",1.62325808,1.15152005343685,2.28825089621401,0.00327289008892938,0.000327289008892938,"Group 10",0.624928467060612,1,1,117.6,329.2,0.1176,0.0823
"DRB1*15:01~DPA1*01:03~DPB1*04:01",1.62194384,1.15184792292805,2.28389683025739,0.00339936792232565,0.000339936792232565,"Group 10",0.624928467060612,1,1,118.6,332.4,0.1186,0.0831
"DRB1*15:01~DPA1*01:03~DPB1*02:01",2.09495782,1.14362041386867,3.8376791935118,0.0139282968991726,0.00278565937983452,"Group 10",-0.621039418344267,7,12,31,69,0.031,0.01725
"DRB1*07:01~DPA1*01:03~DPB1*04:01",0.58808408,0.374132082131228,0.924387139374326,0.0198260209290568,0.00594780627871705,"Group 3",0.490384657815423,5,2,36.8,242.2,0.0368,0.06055
"DRB1*01:01~DPA1*01:03~DPB1*04:01",0.45601042,0.230816890907945,0.900911117598882,0.029092915936616,0.0126095077351341,"Group 11",0.693003783653679,11,6,13.8,118,0.0138,0.0295
"DRB1*01:01~DPA1*01:03~DPB1*04:02",0.39450142,0.177740283644176,0.875611128727462,0.029092915936616,0.014546457968308,"Group 6",0.55712343852501,12,8,9.2,93.8,0.0092,0.02345
"DQA1*01:02~DQB1*06:02~DPA1*01:03",1.93319534,1.424634329057,2.62330069293746,2.06351630935027e-08,2.06351630935027e-09,"Group 1",0.966822422378743,1,2,179,461.6,0.179,0.1154
"DQA1*01:01~DQB1*05:01~DPA1*01:03",0.5404875,0.368480100123787,0.792788369190393,0.000248042663096167,4.96085326192334e-05,"Group 2",0.905157072983014,6,3,65.6,430.8,0.0656,0.1077
"DQA1*02:01~DQB1*02:01~DPA1*01:03",0.6684552,0.453169131433536,0.98601675050891,0.0467996904488393,0.0140399071346518,"Group 3",0.919289674357729,7,6,54,310.6,0.054,0.07765
"DQA1*01:02~DQB1*06:02~DPB1*04:01",1.6392268,1.16397899231242,2.30851632167345,0.00330068928529059,0.000330068928529059,"Group 10",0.624928467060612,1,1,119.8,331.2,0.1198,0.0828
"DQA1*01:02~DPA1*01:03~DPB1*04:01",1.53086124,1.10866334949379,2.11383927970955,0.00590169957900574,0.000590169957900574,"Group 10",0.644704413998725,1,1,140.6,418,0.1406,0.1045
"DQA1*02:01~DPA1*01:03~DPB1*04:01",0.58808408,0.364285052713392,0.94937435004105,0.0297390313935853,0.00594780627871705,"Group 3",0.490384657815423,8,4,36.8,242.2,0.0368,0.06055
"DQB1*06:02~DPA1*01:03~DPB1*04:01",1.62836144,1.15573890560879,2.29425605247938,0.00361025732642841,0.000361025732642841,"Group 10",0.624928467060612,1,2,119.2,331.2,0.1192,0.0828
"DQA1*01:02+DQA1*05:01",2.17514704,1.24437797028637,3.80211218664691,0.0414710668213255,0.00414710668213255,"Geno Group 2",0.974463803649023,1,8,41.4,80.2,0.0828,0.0401
"DQB1*06:02+DQB1*03:01",2.99970858,1.53409009077542,5.86553007481938,0.0123064134960206,0.00123064134960206,"Geno Group 1",1.00474051873471,1,11,31.8,45,0.0636,0.0225
"DRB5*01:01~DQA1*01:02+DRB3*02:02~DQA1*05:01",3.49840404,1.63574735283825,7.48210339809033,0.00267510961238782,0.000267510961238782,"Geno Group 3",0.517154068579209,1,14,26.25,32.25,0.0525,0.016125
"DRB5*01:01~DQB1*06:02+DRB3*02:02~DQB1*03:01",4.1026113,1.74106136907438,9.66733268445098,0.0247622177194288,0.00247622177194288,"Geno Group 1",0.797740413780484,1,17,22.2,23,0.0444,0.0115
"DRB5*01:01~DPA1*01:03+DRB3*02:02~DPA1*01:03",3.5302416,1.69999513581611,7.33096553737354,0.000872221320344679,8.72221320344679e-05,"Geno Group 3",0.561062612372197,2,12,30.5,33.5,0.061,0.01675
"DRB1*15:01~DPA1*01:03+DRB1*11:01~DPA1*01:03",4.9044859,1.57723594901304,15.2507188023141,0.0230447271262391,0.00230447271262391,"Geno Group 3",0.389222040099661,1,14,15.6666666666667,11,0.0313333333333333,0.0055
"DQA1*01:02~DQB1*06:02+DQA1*05:01~DQB1*03:01",4.27556746,1.94026017514626,9.42166279511087,0.00374061413675594,0.000374061413675594,"Geno Group 1",0.924933661349926,1,17,26.6,26.6,0.0532,0.0133
"DQA1*01:02~DPA1*01:03+DQA1*05:01~DPA1*01:03",2.5113628,1.3682831018476,4.60938464028938,0.00544261334137579,0.000544261334137579,"Geno Group 2",0.907515217753151,1,8,36.4,61,0.0728,0.0305
"DQB1*06:02~DPA1*01:03+DQB1*03:01~DPA1*01:03",3.1542385,1.54603228724195,6.43532518498124,0.0226263055287864,0.00269986463555007,"Geno Group 1",0.996908785512385,1,13,28.6,38.8,0.0572,0.0194
"DQB1*03:01~DPA1*01:03+DQB1*06:02~DPA1*01:03",2.60730526,1.25901330159078,5.39949872668878,0.0226263055287864,0.00452526110575727,"Geno Group 2",-0.061328812756405,2,14,21.4,34.2,0.0428,0.0171
"DRB5*01:01~DRB1*15:01~DPA1*01:03+DRB3*02:02~DRB1*11:01~DPA1*01:03",4.9044859,1.57723594901304,15.2507188023141,0.0230447271262391,0.00230447271262391,"Geno Group 3",0.389222040099661,1,13,13.8,11.8,0.0276,0.0059
"DRB5*01:01~DQA1*01:02~DQB1*06:02+DRB3*02:02~DQA1*05:01~DQB1*03:01",4.1026113,1.74106136907438,9.66733268445098,0.0247622177194288,0.00247622177194288,"Geno Group 1",0.797740413780484,1,18,22.2,23,0.0444,0.0115
"DRB5*01:01~DQA1*01:02~DPA1*01:03+DRB3*02:02~DQA1*05:01~DPA1*01:03",3.78832182,1.72158331078561,8.33615319222582,0.00231594469442638,0.000231594469442638,"Geno Group 3",0.568907388252516,2,11,25.2,28,0.0504,0.014
"DRB5*01:01~DQB1*06:02~DPA1*01:03+DRB3*02:02~DQB1*03:01~DPA1*01:03",4.42457082,1.81167034672297,10.8059542822495,0.029747611727114,0.0029747611727114,"Geno Group 1",0.790245628092263,1,14,21.2,20.6,0.0424,0.0103
"DRB1*15:01~DQA1*01:02~DPA1*01:03+DRB1*11:01~DQA1*05:01~DPA1*01:03",4.9044859,1.57723594901304,15.2507188023141,0.0230447271262391,0.00230447271262391,"Geno Group 3",0.389222040099661,1,14,15.6666666666667,11,0.0313333333333333,0.0055
"DQA1*01:02~DQB1*06:02~DPA1*01:03+DQA1*05:01~DQB1*03:01~DPA1*01:03",4.37751172,1.91626906547193,9.99995731498073,0.00970491633394887,0.000970491633394887,"Geno Group 1",0.90388077734084,1,13,24.6,24.2,0.0492,0.0121
"DRB5*01:01~DRB1*15:01~DQA1*01:02~DPA1*01:03+DRB3*02:02~DRB1*11:01~DQA1*05:01~DPA1*01:03",4.9044859,1.57723594901304,15.2507188023141,0.0230447271262391,0.00230447271262391,"Geno Group 3",0.389222040099661,1,12,13.8,11.8,0.0276,0.0059
"DRB5*01:01~DQA1*01:02~DQB1*06:02~DPA1*01:03+DRB3*02:02~DQA1*05:01~DQB1*03:01~DPA1*01:03",4.42457082,1.81167034672297,10.8059542822495,0.029747611727114,0.0029747611727114,"Geno Group 1",0.790245628092263,1,14,21.2,20.6,0.0424,0.0103
